"station","borough","trainno","equipmentno","equipmenttype","serving","ADA"
"125 St","MN","A/B/C/D","EL143","EL","MEZZANINE AND DOWNTOWN","Y"
"125 St","MN","A/B/C/D","EL144","EL","MEZZANINE AND UPTOWN","Y"
"125 St","MN","4/5/6/METRO-NORTH","EL126","EL","MEZZANINE TO UPTOWN AND DOWNTOWN PLATFORMS","Y"
"125 St","MN","1","ES101","ES","STREET TO MEZZANINE","N"
"125 St","MN","1","ES103","ES","STREET TO MEZZANINE","N"
"125 St","MN","4/5/6/METRO-NORTH","EL125","EL","STREET TO MEZZANINE","Y"
"125 St","MN","A/B/C/D","EL142","EL","STREET TO MEZZANINE","Y"
"125 St","MN","1","ES102","ES","STREET TO MEZZANINE","N"
"135 St","MN","2/3","EL180","EL","STREET TO MEZZANINE & UPTOWN PLATFORM","Y"
"135 St","MN","2/3","EL181","EL","STREET TO MEZZANINE AND DOWNTOWN PLATFORM","Y"
"14 St","MN","A/C/E","EL222","EL","MEZZANINE TO DOWNTOWN A,C&E PLATFORM","Y"
"14 St","MN","L","EL218","EL","MEZZANINE TO L PLATFORM","Y"
"14 St","MN","A/C/E","EL223","EL","MEZZANINE TO UPTOWN A,C&E PLATFORM","Y"
"14 St","MN","A/C/E","EL221","EL","STREET TO MEZZANINE","Y"
"14 St - Union Sq","MN","L/N/Q/R/W","EL220","EL","MEZZANINE TO DOWNTOWN PLATFORM(N&R)","Y"
"14 St - Union Sq","MN","L/N/Q/R/W","EL219","EL","MEZZANINE TO UPTOWN PLATFORM N,Q,R","Y"
"14 St - Union Sq","MN","L/N/Q/R/W","EL217","EL","STREET TO MEZZANINE","Y"
"14 St - Union Sq","MN","L/N/Q/R/W","ES258X","ES","STREET TO MEZZANINE ALL TRAINS","N"
"14 St - Union Sq","MN","L/N/Q/R/W","ES257X","ES","STREET TO MEZZANINE ALL TRAINS","N"
"145 St","MN","A/B/C/D","ES116","ES","NORTHBOUND LL PLATFORM TO UPPER MEZZANINE","N"
"145 St","MN","A/B/C/D","ES115","ES","NORTHBOUND LL PLATFORM TO UPPER MEZZANINE","N"
"3 Av - 149 St","BX","2/5","EL130","EL","STREET TO DOWNTOWN PLATFORM","Y"
"3 Av - 149 St","BX","2/5","EL129","EL","STREET TO UPTOWN PLATFORM","Y"
"161 St - Yankee Stadium","BX","4/B/D","ES113","ES","LOWER MEZZANINE TO UPPER MEZZANINE","N"
"161 St - Yankee Stadium","BX","4/B/D","ES114","ES","LOWER MEZZANINE TO UPPER MEZZANINE","N"
"161 St - Yankee Stadium","BX","4/B/D","EL134","EL","MEZZANINE TO DOWNTOWN B, D","Y"
"161 St - Yankee Stadium","BX","4/B/D","EL135","EL","MEZZANINE TO UPTOWN B, D","Y"
"161 St - Yankee Stadium","BX","4/B/D","EL132","EL","MEZZANINES TO  UPTOWN 4 PLATFORM","Y"
"161 St - Yankee Stadium","BX","4/B/D","EL133","EL","MEZZANINES TO DOWNTOWN 4 PLATFORM","Y"
"161 St - Yankee Stadium","BX","4/B/D","EL131","EL","STREET TO MEZZANINE","Y"
"168 St","MN","1","EL113","EL","LOWER MEZZANINE TO UPPER MEZZANINE","N"
"168 St","MN","1","EL114","EL","LOWER MEZZANINE TO UPPER MEZZANINE","N"
"168 St","MN","1","EL111","EL","LOWER MEZZANINE TO UPPER MEZZANINE","N"
"168 St","MN","1","EL112","EL","LOWER MEZZANINE TO UPPER MEZZANINE","N"
"168 St","MN","A/C","EL141","EL","MEZZANINE AND UPTOWN","Y"
"168 St","MN","A/C","EL140","EL","MEZZANINE TO DOWNTOWN","Y"
"168 St","MN","A/C","EL139","EL","STREET TO MEZZANINE","Y"
"175 St","MN","A","EL124","EL","MEZZANINE TO PLATFORM","Y"
"175 St","MN","A","EL123","EL","STREET TO MEZZANINE","Y"
"Jamaica - 179 St","QNS","F","EL433","EL","MEZZANINE TO PLATFORM","Y"
"Jamaica - 179 St","QNS","F","EL432","EL","MEZZANINE TO PLATFORM","Y"
"Jamaica - 179 St","QNS","F","EL431","EL","STREET TO MEZZANINE","Y"
"181 St","MN","A","EL118","EL","LOWER MEZZANINE TO STREET","N"
"181 St","MN","A","EL117","EL","LOWER MEZZANINE TO STREET","N"
"181 St","MN","A","EL119","EL","LOWER MEZZANINE TO STREET","N"
"181 St","MN","A","ES119","ES","LOWER MEZZANINE TO UPPER MEZZANINE","N"
"181 St","MN","1","EL109","EL","LOWER MEZZANINE TO UPPER MEZZANINE","N"
"181 St","MN","A","ES118","ES","LOWER MEZZANINE TO UPPER MEZZANINE","N"
"181 St","MN","1","EL107","EL","LOWER MEZZANINE TO UPPER MEZZANINE","N"
"181 St","MN","1","EL110","EL","LOWER MEZZANINE TO UPPER MEZZANINE","N"
"181 St","MN","A","ES117","ES","LOWER MEZZANINE TO UPPER MEZZANINE","N"
"181 St","MN","1","EL108","EL","LOWER MEZZANINE TO UPPER MEZZANINE","N"
"190 St","MN","A","EL116","EL","LOWER MEZZANINE TO STREET","N"
"190 St","MN","A","EL115","EL","LOWER MEZZANINE TO STREET","N"
"190 St","MN","A","EL120","EL","LOWER MEZZANINE TO STREET","N"
"191 St","MN","1","EL106","EL","LOWER MEZZANINE TO UPPER MEZZANINE","N"
"191 St","MN","1","EL105","EL","LOWER MEZZANINE TO UPPER MEZZANINE","N"
"191 St","MN","1","EL103","EL","STREET TO MEZZANINE / MEZZANINE TO PLATFORM","N"
"191 St","MN","1","EL104","EL","STREET TO MEZZANINE / MEZZANINE TO PLATFORM","N"
"Norwood - 205 St","BX","D","ES112","ES","CENTER ISLAND PLATFORM TO MEZZANINE","N"
"Inwood - 207 St","MN","A","EL149","EL","MEZZANINE TO PLATFORM","Y"
"Inwood - 207 St","MN","A","EL148","EL","STREET TO MEZZANINE","Y"
"21 St - Queensbridge","QNS","F","EL406","EL","MEZZANINE TO DOWNTOWN","Y"
"21 St - Queensbridge","QNS","F","ES421","ES","MEZZANINE TO STREET","N"
"21 St - Queensbridge","QNS","F","ES422","ES","MEZZANINE TO STREET","N"
"21 St - Queensbridge","QNS","F","EL407","EL","MEZZANINE TO UPTOWN","Y"
"21 St - Queensbridge","QNS","F","ES426","ES","NORTHBOUND PLATFORM TO MEZZANINE","N"
"21 St - Queensbridge","QNS","F","ES425","ES","NORTHBOUND PLATFORM TO MEZZANINE","N"
"21 St - Queensbridge","QNS","F","ES424","ES","SOUTHBOUND PLATFORM TO MEZZANINE","N"
"21 St - Queensbridge","QNS","F","ES423","ES","SOUTHBOUND PLATFORM TO MEZZANINE","N"
"21 St - Queensbridge","QNS","F","EL405","EL","STREET TO MEZZANINE","Y"
"23 St","MN","6","EL298","EL","NORTHBOUND PLATFORM TO STREET","Y"
"23 St","MN","6","EL299","EL","SOUTHBOUND PLATFORM TO STREET","Y"
"231 St","BX","1","EL185","EL","STREET TO MEZZANINE & UPTOWN PLATFORM","Y"
"231 St","BX","1","EL184","EL","STREET TO MEZZANINE AND DOWNTOWN PLATFORM","Y"
"233 St","BX","2/5","EL194","EL","MEZZANINE TO PLATFORM","Y"
"233 St","BX","2/5","EL193","EL","MEZZANINE TO UPTOWN","Y"
"233 St","BX","2/5","EL192","EL","STREET TO MEZZANINE","Y"
"28 St","MN","6","EL279X","EL","STREET TO MEZZANINE","N"
"34 St - Herald Sq","MN","B/D/F/M/N/Q/R/W","ES221","ES","MALL LANDING TO STREET","N"
"34 St - Herald Sq","MN","B/D/F/M/N/Q/R/W","ES222","ES","MALL LANDING TO STREET","N"
"34 St - Herald Sq","MN","B/D/F/M/N/Q/R/W","ES233","ES","MEZZANINE AND UPTOWN","N"
"34 St - Herald Sq","MN","B/D/F/M/N/Q/R/W","EL211","EL","MEZZANINE TO DOWNTOWN","Y"
"34 St - Herald Sq","MN","B/D/F/M/N/Q/R/W","EL209","EL","MEZZANINE TO DOWNTOWN","Y"
"34 St - Herald Sq","MN","B/D/F/M/N/Q/R/W","ES224","ES","MEZZANINE TO MALL LANDING","N"
"34 St - Herald Sq","MN","B/D/F/M/N/Q/R/W","ES223","ES","MEZZANINE TO MALL LANDING","N"
"34 St - Herald Sq","MN","B/D/F/M/N/Q/R/W","EL210","EL","MEZZANINE TO UPTOWN","Y"
"34 St - Herald Sq","MN","B/D/F/M/N/Q/R/W","EL212","EL","MEZZANINE TO UPTOWN","Y"
"34 St - Herald Sq","MN","B/D/F/M/N/Q/R/W","ES230","ES","NORTHBOUND PLATFORM TO MEZZANINE","N"
"34 St - Herald Sq","MN","B/D/F/M/N/Q/R/W","ES229","ES","NORTHBOUND PLATFORM TO MEZZANINE","N"
"34 St - Herald Sq","MN","B/D/F/M/N/Q/R/W","ES234","ES","NORTHBOUND PLATFORM TO MEZZANINE","N"
"34 St - Herald Sq","MN","B/D/F/M/N/Q/R/W","ES232","ES","SOUTHBOUND PLATFORM TO MEZZANINE","N"
"34 St - Herald Sq","MN","B/D/F/M/N/Q/R/W","ES236","ES","SOUTHBOUND PLATFORM TO MEZZANINE","N"
"34 St - Herald Sq","MN","B/D/F/M/N/Q/R/W","ES235","ES","SOUTHBOUND PLATFORM TO MEZZANINE","N"
"34 St - Herald Sq","MN","B/D/F/M/N/Q/R/W","ES231","ES","SOUTHBOUND PLATFORM TO MEZZANINE","N"
"34 St - Herald Sq","MN","B/D/F/M/N/Q/R/W","EL213","EL","STREET TO MEZZANINE","Y"
"34 St - Herald Sq","MN","B/D/F/M/N/Q/R/W","EL200X","EL","STREET TO PATH TRAIN","N"
"34 St - 11 Av","MN","7","ES623","ES","LOWER MEZZANINE TO UPPER MEZZANINE","N"
"34 St - 11 Av","MN","7","EL601","EL","LOWER MEZZANINE TO UPPER MEZZANINE","Y"
"34 St - 11 Av","MN","7","EL602","EL","LOWER MEZZANINE TO UPPER MEZZANINE","Y"
"34 St - 11 Av","MN","7","ES624","ES","LOWER MEZZANINE TO UPPER MEZZANINE","N"
"34 St - 11 Av","MN","7","ES621","ES","LOWER MEZZANINE TO UPPER MEZZANINE","N"
"34 St - 11 Av","MN","7","ES625","ES","LOWER MEZZANINE TO UPPER MEZZANINE","N"
"34 St - 11 Av","MN","7","ES622","ES","LOWER MEZZANINE TO UPPER MEZZANINE","N"
"34 St - 11 Av","MN","7","EL600","EL","PLATFORM TO LOWER MEZZANINE","Y"
"34 St - 11 Av","MN","7","ES627","ES","UPPER MEZZANINE TO STREET","N"
"34 St - 11 Av","MN","7","ES626","ES","UPPER MEZZANINE TO STREET","N"
"34 St - 11 Av","MN","7","ES629","ES","UPPER MEZZANINE TO STREET","N"
"34 St - 11 Av","MN","7","ES628","ES","UPPER MEZZANINE TO STREET","N"
"34 St - 11 Av","MN","7","EL603","EL","UPPER MEZZANINE TO STREET","Y"
"34 St - Penn Station","MN","1/2/3/LIRR","EL216","EL","MEZZANINE TO DOWNTOWN LOCAL PLATFORM","Y"
"34 St - Penn Station","MN","A/C/E","EL228","EL","MEZZANINE TO DOWNTOWN LOCAL PLATFORM","Y"
"34 St - Penn Station","MN","A/C/E","EL227","EL","MEZZANINE TO EXPRESS PLATFORM","Y"
"34 St - Penn Station","MN","1/2/3/LIRR","EL215","EL","MEZZANINE TO EXPRESS PLATFORM","Y"
"34 St - Penn Station","MN","1/2/3/LIRR","EL214","EL","MEZZANINE TO UPTOWN LOCAL PLATFORM","Y"
"34 St - Penn Station","MN","A/C/E","EL225","EL","STREET TO UPTOWN LOCAL PLATFORM","Y"
"34 St - Penn Station","MN","A/C/E","EL226","EL","UPTOWN LOCAL PLATFORM TO LOWER MEZZANINE","Y"
"42 St - Bryant Pk","MN","B/D/F/M","EL237X","EL","LOWER MEZZANINE TO NORTHBOUND PLATFORM","Y"
"42 St - Bryant Pk","MN","B/D/F/M","EL295X","EL","NW Corner of 39th & 6th","N"
"42 St - Bryant Pk","MN","B/D/F/M","EL287X","EL","STREET TO MEZZANINE","N"
"42 St - Bryant Pk","MN","B/D/F/M","EL294X","EL","SW Corner of 42nd & 6th","N"
"Grand Central - 42 St","MN","4/5/6/7/S/METRO-NORTH","ES207","ES","CENTER ISLAND PLATFORM TO LOWER MEZZANINE (WEST END)","N"
"Grand Central - 42 St","MN","4/5/6/7/S/METRO-NORTH","ES209","ES","CENTER ISLAND PLATFORM TO LOWER MEZZANINE (WEST END)","N"
"Grand Central - 42 St","MN","4/5/6/7/S/METRO-NORTH","ES203","ES","LOWER MEZZANINE TO STREET (3RD AVE)","N"
"Grand Central - 42 St","MN","4/5/6/7/S/METRO-NORTH","ES204","ES","LOWER MEZZANINE TO STREET (3RD AVE)","N"
"Grand Central - 42 St","MN","4/5/6/7/S/METRO-NORTH","ES206","ES","LOWER MEZZANINE TO UPPER MEZZANINE (BOWERY)","N"
"Grand Central - 42 St","MN","4/5/6/7/S/METRO-NORTH","ES205","ES","LOWER MEZZANINE TO UPPER MEZZANINE (BOWERY)","N"
"Grand Central - 42 St","MN","4/5/6/7/S/METRO-NORTH","ES210","ES","LOWER MEZZANINE TO UPPER MEZZANINE (WEST END)","N"
"Grand Central - 42 St","MN","4/5/6/7/S/METRO-NORTH","ES208","ES","LOWER MEZZANINE TO UPPER MEZZANINE (WEST END)","N"
"Grand Central - 42 St","MN","4/5/6/7/S/METRO-NORTH","EL244","EL","MEZZANINE TO 7 PLATFORM","Y"
"Grand Central - 42 St","MN","4/5/6/7/S/METRO-NORTH","EL205","EL","MEZZANINE TO DOWNTOWN 4,5,6 PLATFORM","Y"
"Grand Central - 42 St","MN","4/5/6/7/S/METRO-NORTH","EL206","EL","MEZZANINE TO UPTOWN 4,5,6 PLATFORM","Y"
"Grand Central - 42 St","MN","4/5/6/7/S/METRO-NORTH","EL204","EL","STREET TO TERMINAL/MEZZANINE","Y"
"Grand Central - 42 St","MN","4/5/6/7/S/METRO-NORTH","ES608X","ES","UNASSIGNED","N"
"Grand Central - 42 St","MN","4/5/6/7/S/METRO-NORTH","ES609X","ES","UNASSIGNED","N"
"Grand Central - 42 St","MN","4/5/6/7/S/METRO-NORTH","ES610X","ES","UNASSIGNED","N"
"Grand Central - 42 St","MN","4/5/6/7/S/METRO-NORTH","ES256","ES","UPPER MEZZANINE TO STREET (GC TERMINAL)","N"
"Grand Central - 42 St","MN","4/5/6/7/S/METRO-NORTH","ES255","ES","UPPER MEZZANINE TO STREET (GC TERMINAL)","N"
"42 St - Port Authority Bus Terminal","MN","A/C/E","EL289X","EL","BUS TERMINAL TO LOWER MEZZANINE","Y"
"42 St - Port Authority Bus Terminal","MN","A/C/E","EL288X","EL","BUS TERMINAL TO LOWER MEZZANINE","Y"
"42 St - Port Authority Bus Terminal","MN","A/C/E","EL290X","EL","INTERMEDIATE LANDING TO MEZZANINE","Y"
"42 St - Port Authority Bus Terminal","MN","A/C/E","ES606X","ES","LOWER MEZZANINE TO UPPER MEZZANINE","N"
"42 St - Port Authority Bus Terminal","MN","A/C/E","ES607X","ES","MEZZANINE TO STREET","N"
"42 St - Port Authority Bus Terminal","MN","A/C/E","EL291X","EL","STREET TO INTERMEDIATE LANDING","Y"
"47-50 Sts - Rockefeller Ctr","MN","B/D/F/M","EL236","EL","MEZZANINE TO DOWNTOWN","Y"
"47-50 Sts - Rockefeller Ctr","MN","B/D/F/M","EL235","EL","MEZZANINE TO UPTOWN","Y"
"47-50 Sts - Rockefeller Ctr","MN","B/D/F/M","EL234","EL","STREET TO MEZZANINE","Y"
"49 St","MN","N/Q/R/W","EL268X","EL","STREET TO MEZZANINE","Y"
"5 Av/53 St","MN","E/M","ES239","ES","SOUTHBOUND PLATFORM TO MEZZANINE","N"
"5 Av/53 St","MN","E/M","ES240","ES","SOUTHBOUND PLATFORM TO MEZZANINE","N"
"5 Av/53 St","MN","E/M","ES241","ES","SOUTHBOUND PLATFORM TO MEZZANINE (MADISON AVE)","N"
"5 Av/53 St","MN","E/M","ES242","ES","SOUTHBOUND PLATFORM TO MEZZANINE (MADISON AVE)","N"
"50 St","MN","C/E","ES264X","ES","MEZZANINE TO E TRAIN PLATFORM","N"
"50 St","MN","C/E","EL208X","EL","PLAZA TO DOWNTOWN PLATFORMS","Y"
"50 St","MN","C/E","EL207X","EL","STREET TO MEZZANINE","Y"
"50 St","MN","C/E","ES263X","ES","STREET TO MEZZANINE","N"
"51 St","MN","6","ES252","ES","MEZZANINE TO PLATFORM","N"
"57 St - 7 Av","MN","N/Q/R/W","EL281","EL","MEZZANINE TO STREET","N"
"59 St","MN","4/5/6","ES213","ES","NORTHBOUND EXPRESS PLATFORM TO NORTHBOUND LOCAL PLATFORM","N"
"59 St","MN","4/5/6","ES211","ES","NORTHBOUND EXPRESS PLATFORM TO NORTHBOUND LOCAL PLATFORM","N"
"59 St","MN","4/5/6","ES214","ES","SOUTHBOUND EXPRESS PLATFORM TO SOUTHBOUND LOCAL PLATFORM","N"
"59 St","MN","4/5/6","ES212","ES","SOUTHBOUND EXPRESS PLATFORM TO SOUTHBOUND LOCAL PLATFORM","N"
"59 St - Columbus Circle","MN","1/A/B/C/D","EL277","EL","MEZZANINE AND DOWNTOWN","Y"
"59 St - Columbus Circle","MN","A/B/C/D","EL279","EL","MEZZANINE AND UPTOWN","Y"
"59 St - Columbus Circle","MN","1/A/B/C/D","EL278","EL","MEZZANINE AND UPTOWN","Y"
"59 St - Columbus Circle","MN","1/A/B/C/D","EL276X","EL","STREET TO MEZZANINE ALL TRAINS","Y"
"59 St - Columbus Circle","MN","1/A/B/C/D","EL280","EL","STREET TO MEZZANINE AND UPTOWN 1 PLATFORM","Y"
"Lexington Av/59 St","MN","E/M","ES253X","ES","MEZZANINE TO UNDERPASS 6 TRAIN DOWNTOWN","N"
"Woodside - 61 St","QNS","7","EL416X","EL","MEZZANINE TO DOWNTOWN","Y"
"Woodside - 61 St","QNS","7","EL418X","EL","MEZZANINE TO LIRR PLATFORM B","N"
"Woodside - 61 St","QNS","7","EL419X","EL","MEZZANINE TO LIRR PLATFORM C","N"
"Woodside - 61 St","QNS","7","EL417X","EL","MEZZANINE TO UPTOWN","Y"
"Woodside - 61 St","QNS","7","EL415X","EL","STREET TO LIRR PLATFORM A & MEZZANINE","Y"
"Woodside - 61 St","QNS","7","ES448","ES","STREET TO MEZZANINE","N"
"66 St - Lincoln Center","MN","1","EL237","EL","STREET TO MEZZANINE & UPTOWN PLATFORM","Y"
"66 St - Lincoln Center","MN","1","EL238","EL","STREET TO MEZZANINE AND DOWNTOWN PLATFORM","Y"
"7 Av","MN","B/D/E","ES237","ES","SOUTHBOUND PLATFORM TO MEZZANINE","N"
"7 Av","MN","B/D/E","ES238","ES","SOUTHBOUND PLATFORM TO MEZZANINE","N"
"72 St","MN","1/2/3","EL240","EL","STREET TO DOWNTOWN PLATFORM","Y"
"72 St","MN","1/2/3","EL239","EL","STREET TO UPTOWN PLATFORM","Y"
"72 St","MN","Q","ES291","ES","BASEMENT ENTRANCE TO STREET","N"
"72 St","MN","Q","EL262","EL","LOWER MEZZANINE TO STREET","Y"
"72 St","MN","Q","EL265","EL","LOWER MEZZANINE TO STREET","Y"
"72 St","MN","Q","EL264","EL","LOWER MEZZANINE TO STREET","Y"
"72 St","MN","Q","EL266","EL","LOWER MEZZANINE TO STREET","Y"
"72 St","MN","Q","EL267","EL","LOWER MEZZANINE TO STREET","Y"
"72 St","MN","Q","EL269","EL","LOWER MEZZANINE-FIRST UPPER MEZZANINE-SECOND UPPER MEZZANINE","Y"
"72 St","MN","Q","ES288","ES","MEZZANINE TO BASEMENT ENTRANCE","N"
"72 St","MN","Q","ES290","ES","MEZZANINE TO BASEMENT ENTRANCE","N"
"72 St","MN","Q","ES289","ES","MEZZANINE TO BASEMENT ENTRANCE","N"
"72 St","MN","Q","ES294","ES","MEZZANINE TO STREET","N"
"72 St","MN","Q","ES295","ES","MEZZANINE TO STREET","N"
"72 St","MN","Q","ES296","ES","MEZZANINE TO STREET","N"
"72 St","MN","Q","EL259","EL","PLATFORM TO LOWER MEZZANINE","Y"
"72 St","MN","Q","ES287","ES","PLATFORM TO MEZZANINE","N"
"72 St","MN","Q","ES286","ES","PLATFORM TO MEZZANINE","N"
"72 St","MN","Q","ES285","ES","PLATFORM TO MEZZANINE","N"
"8 Av","MN","L","EL224","EL","MEZZANINE TO PLATFORM","Y"
"86 St","MN","Q","ES281","ES","MEZZANINE TO MID LANDING ENTRANCE #1","N"
"86 St","MN","Q","ES280","ES","MEZZANINE TO MID LANDING ENTRANCE #1","N"
"86 St","MN","Q","ES279","ES","MEZZANINE TO MID LANDING ENTRANCE #1","N"
"86 St","MN","Q","EL250","EL","MEZZANINE TO STREET","Y"
"86 St","MN","Q","ES276","ES","MEZZANINE TO STREET ENTRANCE #1","N"
"86 St","MN","Q","ES278","ES","MEZZANINE TO STREET ENTRANCE #1","N"
"86 St","MN","Q","ES277","ES","MEZZANINE TO STREET ENTRANCE #1","N"
"86 St","MN","Q","ES284","ES","MID LANDING ENTRANCE #2 TO STREET ENTRANCE #2 EAST","N"
"86 St","MN","Q","ES297","ES","MID LANDING ENTRANCE #2 TO STREET ENTRANCE #2 EAST","N"
"86 St","MN","Q","ES283","ES","MID LANDING ENTRANCE #2 TO STREET ENTRANCE #2 WEST","N"
"86 St","MN","Q","ES282","ES","MID LANDING ENTRANCE #2 TO STREET ENTRANCE #2 WEST","N"
"86 St","MN","Q","ES273","ES","PLATFORM TO MEZZANINE","N"
"86 St","MN","Q","ES275","ES","PLATFORM TO MEZZANINE","N"
"86 St","MN","Q","ES274","ES","PLATFORM TO MEZZANINE","N"
"86 St","MN","Q","EL249","EL","PLATFORM TO MEZZANINE","Y"
"96 St","MN","1/2/3","EL145","EL","STREET TO DOWNTOWN PLATFORM","Y"
"96 St","MN","1/2/3","EL146","EL","STREET TO UPTOWN PLATFORM","Y"
"96 St","MN","Q","EL248","EL","MEZZANINE TO STREET","Y"
"96 St","MN","Q","ES260","ES","MEZZANINE TO STREET LEVEL N-W","N"
"96 St","MN","Q","ES259","ES","MEZZANINE TO STREET LEVEL N-W","N"
"96 St","MN","Q","ES271","ES","MEZZANINE TO STREET LEVEL S-E","N"
"96 St","MN","Q","ES270","ES","MEZZANINE TO STREET LEVEL S-E","N"
"96 St","MN","Q","ES272","ES","MEZZANINE TO STREET LEVEL S-E","N"
"96 St","MN","Q","ES247","ES","MEZZANINE TO STREET LEVEL S-W","N"
"96 St","MN","Q","ES220","ES","PLATFORM TO MEZZANINE","N"
"96 St","MN","Q","ES202","ES","PLATFORM TO MEZZANINE","N"
"96 St","MN","Q","EL247","EL","PLATFORM TO MEZZANINE","Y"
"96 St","MN","Q","ES200","ES","PLATFORM TO MEZZANINE","N"
"Atlantic Av - Barclays Ctr","BKN","2/3/4/5/B/Q/LIRR","ES358X","ES","LOWER MEZZANINE TO STREET","N"
"Atlantic Av - Barclays Ctr","BKN","2/3/4/5/B/Q/LIRR","ES310","ES","LOWER MEZZANINE TO UPPER MEZZANINE","N"
"Atlantic Av - Barclays Ctr","BKN","2/3/4/5/B/Q/LIRR","EL305","EL","MEZZANINE TO 4, 5 PLATFORM","Y"
"Atlantic Av - Barclays Ctr","BKN","D/N/R","EL302","EL","MEZZANINE TO DOWNTOWN","Y"
"Atlantic Av - Barclays Ctr","BKN","2/3/4/5/B/Q/LIRR","EL304","EL","MEZZANINE TO DOWNTOWN 2,3 PLATFORM","Y"
"Atlantic Av - Barclays Ctr","BKN","D/N/R","EL303","EL","MEZZANINE TO UPTOWN","Y"
"Atlantic Av - Barclays Ctr","BKN","2/3/4/5/B/Q/LIRR","EL307","EL","MIDDLE MEZZANINE TO B,Q PLATFORM","Y"
"Atlantic Av - Barclays Ctr","BKN","2/3/4/5/B/Q/LIRR","EL300X","EL","STREET TO LIRR TERMINAL/NYCT 2/3 TRAINS NORTHBOUND","Y"
"Atlantic Av - Barclays Ctr","BKN","2/3/4/5/B/Q/LIRR","EL737X","EL","STREET TO LIRR TERMINAL/NYCT 2/3 TRAINS NORTHBOUND","Y"
"Atlantic Av - Barclays Ctr","BKN","2/3/4/5/B/Q/LIRR","EL700X","EL","STREET TO MEZZANINE","Y"
"Atlantic Av - Barclays Ctr","BKN","D/N/R","EL301","EL","STREET TO MEZZANINE","Y"
"Atlantic Av - Barclays Ctr","BKN","2/3/4/5/B/Q/LIRR","ES359X","ES","STREET TO MEZZANINE","N"
"Atlantic Av - Barclays Ctr","BKN","2/3/4/5/B/Q/LIRR","EL306","EL","UPTOWN 2, 3 PLATFORM TO MEZZANINE","Y"
"Bay Pkwy","BKN","D/M","EL378","EL","MEZZANINE TO DOWNTOWN","Y"
"Bay Pkwy","BKN","D/M","EL377","EL","MEZZANINE TO UPTOWN","Y"
"Bay Pkwy","BKN","D/M","EL376","EL","STREET TO MEZZANINE","Y"
"Borough Hall","BKN","2/3/4/5","EL318","EL","MEZZANINE TO UPTOWN AND DOWNTOWN PLATFORMS","Y"
"Borough Hall","BKN","2/3/4/5","ES303","ES","SOUTHBOUND PLATFORM TO MEZZANINE","N"
"Borough Hall","BKN","2/3/4/5","EL317","EL","STREET TO MEZZANINE","Y"
"Bowery","MN","J/Z","ES334","ES","CENTER ISLAND PLATFORM TO MEZZANINE","N"
"Bowling Green","MN","4/5","ES341","ES","LOWER MEZZANINE TO NORTHBOUND PLATFORM","N"
"Bowling Green","MN","4/5","ES340","ES","LOWER MEZZANINE TO NORTHBOUND PLATFORM","N"
"Bowling Green","MN","4/5","ES343","ES","LOWER MEZZANINE TO SOUTHBOUND PLATFORM","N"
"Bowling Green","MN","4/5","ES342","ES","LOWER MEZZANINE TO SOUTHBOUND PLATFORM","N"
"Bowling Green","MN","4/5","ES337","ES","LOWER MEZZANINE TO UPPER MEZZANINE","N"
"Bowling Green","MN","4/5","ES339","ES","LOWER MEZZANINE TO UPPER MEZZANINE","N"
"Bowling Green","MN","4/5","ES338","ES","LOWER MEZZANINE TO UPPER MEZZANINE","N"
"Bowling Green","MN","4/5","ES336","ES","LOWER MEZZANINE TO UPPER MEZZANINE","N"
"Bowling Green","MN","4/5","EL711","EL","MEZZANINE TO DOWNTOWN","Y"
"Bowling Green","MN","4/5","EL710","EL","STREET TO MEZZANINE & UPTOWN PLATFORM","Y"
"Bowling Green","MN","4/5","ES345","ES","UPPER MEZZANINE TO STREET","N"
"Briarwood - Van Wyck Blvd","QNS","E/F","EL424","EL","STREET TO MEZZANINE","N"
"Brighton Beach","BKN","B/Q","ES346","ES","STREET TO MEZZANINE","N"
"Broadway Jct","BKN","A/C/J/L/Z/LIRR","ES347","ES","STREET TO UPPER MEZZANINE","N"
"Broadway Jct","BKN","A/C/J/L/Z/LIRR","ES331","ES","STREET TO UPPER MEZZANINE","N"
"Broadway Jct","BKN","A/C/J/L/Z/LIRR","ES330","ES","STREET TO UPPER MEZZANINE","N"
"Broadway-Lafayette St","MN","B/D/F/6","EL329","EL","DOWNTOWN 6 MEZZANINE TO DOWNTOWN B/D/F/M PLATFORM","Y"
"Broadway-Lafayette St","MN","B/D/F/6","EL330","EL","DOWNTOWN 6 MEZZANINE TO UPTOWN B/D/F/M PLATFORM","Y"
"Broadway-Lafayette St","MN","B/D/F/6","ES300","ES","NORTHBOUND PLATFORM TO MEZZANINE","N"
"Broadway-Lafayette St","MN","B/D/F/6","EL328","EL","STREET TO MEZZANINE AND DOWNTOWN 6 PLATFORM","Y"
"Broadway-Lafayette St","MN","B/D/F/6","EL332","EL","UPTOWN 6 MEZZANINE TO DOWNTOWN B/D/F/M PLATFORM","Y"
"Broadway-Lafayette St","MN","B/D/F/6","EL331","EL","UPTOWN 6 MEZZANINE TO UPTOWN B/D/F/M PLATFORM","Y"
"Brooklyn Bridge - City Hall","MN","4/5/6","EL315","EL","MEZZANINE TO DOWNTOWN","Y"
"Brooklyn Bridge - City Hall","MN","4/5/6","EL316","EL","MEZZANINE TO UPTOWN","Y"
"Brooklyn Bridge - City Hall","MN","4/5/6","EL314","EL","STREET TO MEZZANINE","Y"
"Canal St","MN","J/N/Q/R/W/Z","EL325","EL","STREET TO DOWNTOWN PLATFORM","Y"
"Canal St","MN","6","EL324","EL","STREET TO UPTOWN PLATFORM","Y"
"Chambers St","MN","1/2/3","EL338","EL","MEZZANINE TO DOWNTOWN","Y"
"Chambers St","MN","1/2/3","EL337","EL","MEZZANINE TO UPTOWN","Y"
"Chambers St","MN","1/2/3","EL336","EL","STREET TO MEZZANINE","Y"
"Church Av","BKN","F/G","EL375","EL","MEZZANINE TO DOWNTOWN","Y"
"Church Av","BKN","F/G","EL374","EL","MEZZANINE TO UPTOWN","Y"
"Church Av","BKN","2/5","EL321","EL","STREET TO DOWNTOWN PLATFORM","Y"
"Church Av","BKN","F/G","EL373","EL","STREET TO MEZZANINE","Y"
"Church Av","BKN","2/5","EL320","EL","STREET TO UPTOWN PLATFORM","Y"
"Clark St","BKN","2/3","EL310","EL","LOWER MEZZANINE TO STREET","N"
"Clark St","BKN","2/3","EL311","EL","LOWER MEZZANINE TO STREET","N"
"Clark St","BKN","2/3","EL312","EL","LOWER MEZZANINE TO STREET","N"
"59 St - Columbus Circle","MN","1/A/B","ES251X","ES","STREET TO MEZZANINE ALL TRAINS","N"
"59 St - Columbus Circle","MN","1/A/B","ES250X","ES","STREET TO MEZZANINE ALL TRAINS","N"
"Coney Island - Stillwell Av","BKN","D/F/N/Q","EL399","EL","3 LANDINGS","Y"
"Coney Island - Stillwell Av","BKN","D/F/N/Q","EL702","EL","OVERPASS TO D PLATFORM","Y"
"Coney Island - Stillwell Av","BKN","D/F/N/Q","EL701","EL","OVERPASS TO N PLATFORM","Y"
"Corona Yard Signal Tower","QNS","7","EL400","EL","UNASSIGNED","Y"
"Cortlandt St","MN","1","ES380X","ES","STREET TO MEZZANINE","N"
"Court Sq","QNS","G/7","EL447","EL","LEVEL 2 TO MEZZANINE","Y"
"Court Sq","QNS","G/7","EL445X","EL","STREET TO MEZZANINE","Y"
"Court Sq","QNS","G/7","ES462X","ES","STREET TO MEZZANINE","N"
"Court Sq","QNS","G/7","ES461X","ES","STREET TO MEZZANINE","N"
"Court Sq","QNS","G/7","EL446","EL","STREET TO MEZZANINE","Y"
"Court Sq","QNS","G/7","ES265X","ES","STREET TO MEZZANINE PASSAGEWAY TO E/G/M TRAINS","N"
"Court Sq","QNS","G/7","ES266X","ES","STREET TO MEZZANINE PASSAGEWAY TO E/G/M TRAINS","N"
"Court Sq","QNS","E/M","PW401","PW","PASSAGEWAY TRANSFER","N"
"Court Sq","QNS","E/M","PW402","PW","PASSAGEWAY TRANSFER","N"
"Court St","BKN","R","ES306","ES","LOWER MEZZANINE TO UPPER MEZZANINE","N"
"Court St","BKN","R","EL309","EL","LOWER MEZZANINE TO UPPER MEZZANINE","N"
"Court St","BKN","R","EL308","EL","LOWER MEZZANINE TO UPPER MEZZANINE","N"
"Court St","BKN","R","ES305","ES","LOWER MEZZANINE TO UPPER MEZZANINE","N"
"Crown Hts - Utica Av","BKN","3/4","EL323","EL","MEZZANINE TO PLATFORMS","Y"
"Crown Hts - Utica Av","BKN","3/4","EL322","EL","STREET TO MEZZANINE","Y"
"DeKalb Av","BKN","B/Q/R","EL372","EL","MEZZANINE TO DOWNTOWN","Y"
"DeKalb Av","BKN","B/Q/R","EL371","EL","MEZZANINE TO UPTOWN","Y"
"DeKalb Av","BKN","B/Q/R","ES309","ES","NORTHBOUND PLATFORM TO MEZZANINE","N"
"DeKalb Av","BKN","B/Q/R","ES308","ES","SOUTHBOUND PLATFORM TO MEZZANINE","N"
"DeKalb Av","BKN","B/Q/R","EL370","EL","STREET TO MEZZANINE","Y"
"Delancey St","MN","F/J/M/Z","ES327","ES","MEZZANINE TO STREET","N"
"Delancey St","MN","F/J/M/Z","ES328","ES","NORTHBOUND PLATFORM TO STREET","N"
"Dyckman St","MN","1","EL178","EL","STREET TO DOWNTOWN PLATFORM","Y"
"Dyckman St Quarters","MN","1","EL156","EL","UNASSIGNED","N"
"E 180 St","BX","2/5","EL160","EL","STREET TO DOWNTOWN PLATFORM","Y"
"E 180 St","BX","2/5","EL159","EL","STREET TO UPTOWN PLATFORM","Y"
"East Broadway","MN","F","ES329","ES","CENTER ISLAND PLATFORM TO MEZZANINE","N"
"Euclid Av","BKN","A/C","EL343","EL","MEZZANINE TO DOWNTOWN","Y"
"Euclid Av","BKN","A/C","EL342","EL","MEZZANINE TO UPTOWN","Y"
"Euclid Av","BKN","A/C","EL341","EL","STREET TO MEZZANINE","Y"
"Far Rockaway - Mott Av","QNS","A","EL498","EL","STREET TO PLATFORM","Y"
"Far Rockaway - Mott Av","QNS","A","EL497","EL","STREET TO PLATFORM","Y"
"Flatbush Av - Brooklyn College","BKN","2/5","EL319","EL","STREET TO PLATFORMS","Y"
"Flushing Av","BKN","J/M","EL394","EL","MEZZANINE TO DOWNTOWN","Y"
"Flushing Av","BKN","J/M","EL395","EL","MEZZANINE TO UPTOWN","Y"
"Flushing Av","BKN","J/M","EL393","EL","STREET TO MEZZANINE","Y"
"Flushing - Main St","QNS","7","ES456","ES","STREET TO MEZZANINE","N"
"Flushing - Main St","QNS","7","ES457","ES","STREET TO MEZZANINE","N"
"Flushing - Main St","QNS","7","ES455","ES","STREET TO MEZZANINE","N"
"Flushing - Main St","QNS","7","EL414","EL","STREET TO MEZZANINE &PLATFORMS","Y"
"Fordham Rd","BX","4","EL188","EL","MEZZANINE TO DOWNTOWN","Y"
"Fordham Rd","BX","4","EL187","EL","MEZZANINE TO UPTOWN","Y"
"Fordham Rd","BX","4","EL186","EL","STREET TO MEZZANINE","Y"
"Forest Hills - 71 Av","QNS","E/F/G/R/M/LIRR","EL439","EL","MEZZANINE TO NORTHBOUND PLATFORM","Y"
"Forest Hills - 71 Av","QNS","E/F/G/R/M/LIRR","EL438","EL","MEZZANINE TO SOUTHBOUND PLATFORM","Y"
"Forest Hills - 71 Av","QNS","E/F/G/R/M/LIRR","EL437","EL","STREET TO MEZZANINE ALL TRAINS","Y"
"Franklin Av","BKN","C/S","ES352","ES","LOWER MEZZANINE TO PLATFORM","N"
"Franklin Av","BKN","C/S","EL339","EL","STREET TO DOWNTOWN C PLATFORM AND S PLATFORM","Y"
"Franklin Av","BKN","C/S","EL340","EL","UPTOWN PLATFORM TO 1ST LEVEL BRIDGE","Y"
"Fulton St","MN","4/5","EL716","EL","3 LANDINGS","Y"
"Fulton St","MN","J/Z","ES377X","ES","33 MAIDEN LANE TO PASSAGEWAY","N"
"Fulton St","MN","J/Z","ES376X","ES","33 MAIDEN LANE TO PASSAGEWAY","N"
"Fulton St","MN","4/5","EL728X","EL","4/5 & R/W UNDERPASS","Y"
"Fulton St","MN","4/5","EL729X","EL","4/5 & R/W UNDERPASS","Y"
"Fulton St","MN","A/C/J/Z/2/3/4/5","EL720","EL","CENTER ISLAND LOWER PLATFORM TO MEZZANINE","Y"
"Fulton St","MN","A/C/J/Z/2/3/4/5","EL725X","EL","CORBIN BUILDING","Y"
"Fulton St","MN","A/C/J/Z/2/3/4/5","EL724X","EL","CORBIN BUILDING","Y"
"Fulton St","MN","A/C/J/Z/2/3/4/5","ES366X","ES","CORBIN BUILDING","N"
"Fulton St","MN","A/C/J/Z/2/3/4/5","ES365X","ES","CORBIN BUILDING","N"
"Fulton St","MN","A/C/J/Z/2/3/4/5","EL727X","EL","CORTLANDT ST R LINE","Y"
"Fulton St","MN","4/5","EL726X","EL","CORTLANDT ST R LINE","Y"
"Fulton St","MN","A/C/J/Z/2/3/4/5","EL719","EL","LOWER MEZZANINE TO PLATFORM","Y"
"Fulton St","MN","A/C/J/Z/2/3/4/5","ES364","ES","LOWER MEZZANINE TO SOUTHBOUND PLATFORM","N"
"Fulton St","MN","A/C/J/Z/2/3/4/5","ES367","ES","LOWER MEZZANINE TO UPPER MEZZANINE","N"
"Fulton St","MN","A/C/J/Z/2/3/4/5","ES368","ES","LOWER MEZZANINE TO UPPER MEZZANINE","N"
"Fulton St","MN","A/C/J/Z/2/3/4/5","EL721","EL","PLATFORM TO LOWER MEZZANINE","Y"
"Fulton St","MN","2/3","EL732","EL","PLATFORM TO MEZZANINE","Y"
"Fulton St","MN","A/C/J/Z/2/3/4/5","EL734X","EL","TRANSIT CENTER","Y"
"Fulton St","MN","A/C/J/Z/2/3/4/5","EL717X","EL","TRANSIT CENTER","Y"
"Fulton St","MN","A/C/J/Z/2/3/4/5","ES363X","ES","TRANSIT CENTER","N"
"Fulton St","MN","A/C/J/Z/2/3/4/5","ES361X","ES","TRANSIT CENTER","N"
"Fulton St","MN","A/C/J/Z/2/3/4/5","ES383X","ES","TRANSIT CENTER","N"
"Fulton St","MN","A/C/J/Z/2/3/4/5","EL733X","EL","TRANSIT CENTER","N"
"Fulton St","MN","A/C/J/Z/2/3/4/5","EL714X","EL","TRANSIT CENTER","Y"
"Fulton St","MN","A/C/J/Z/2/3/4/5","ES360X","ES","TRANSIT CENTER","N"
"Fulton St","MN","A/C/J/Z/2/3/4/5","ES362X","ES","TRANSIT CENTER","N"
"Fulton St","MN","A/C/J/Z/2/3/4/5","EL715X","EL","TRANSIT CENTER","Y"
"Fulton St","MN","A/C/J/Z/2/3/4/5","EL718X","EL","TRANSIT CENTER","Y"
"Fulton St","MN","J/Z","EL722","EL","UPPER MEZZANINE TO STREET","Y"
"Fulton St","MN","2/3","EL723","EL","UPPER MEZZANINE TO STREET","Y"
"Gun Hill Rd","BX","2/5","ES104","ES","STREET TO MEZZANINE","N"
"Gun Hill Rd","BX","2/5","ES105","ES","STREET TO MEZZANINE","N"
"Gun Hill Rd","BX","2/5","EL182","EL","STREET TO MEZZANINE & UPTOWN PLATFORM","Y"
"Gun Hill Rd","BX","2/5","EL183","EL","STREET TO MEZZANINE AND DOWNTOWN PLATFORM","Y"
"High St","BKN","A/C","ES322","ES","LOWER MEZZANINE TO UPPER MEZZANINE","N"
"High St","BKN","A/C","ES350","ES","LOWER MEZZANINE TO UPPER MEZZANINE","N"
"High St","BKN","A/C","ES323","ES","LOWER MEZZANINE TO UPPER MEZZANINE","N"
"High St","BKN","A/C","ES324","ES","LOWER MEZZANINE TO UPPER MEZZANINE","N"
"High St","BKN","A/C","ES321","ES","LOWER MEZZANINE TO UPPER MEZZANINE","N"
"Howard Beach - JFK Airport","QNS","A","ES498X","ES","MEZZANINE TO AIR TRAIN","N"
"Howard Beach - JFK Airport","QNS","A","ES497X","ES","MEZZANINE TO AIR TRAIN","N"
"Howard Beach - JFK Airport","QNS","A","ES499X","ES","MEZZANINE TO AIR TRAIN","N"
"Howard Beach - JFK Airport","QNS","A","ES496X","ES","MEZZANINE TO CENTER ISLAND PLATFORM","N"
"Howard Beach - JFK Airport","QNS","A","EL493X","EL","MEZZANINE TO DOWNTOWN","Y"
"Howard Beach - JFK Airport","QNS","A","EL492X","EL","MEZZANINE TO DOWNTOWN","Y"
"Howard Beach - JFK Airport","QNS","A","EL495X","EL","MEZZANINE TO UPTOWN","Y"
"Howard Beach - JFK Airport","QNS","A","EL494X","EL","MEZZANINE TO UPTOWN","Y"
"Howard Beach - JFK Airport","QNS","A","EL491X","EL","STREET TO MEZZANINE","Y"
"Howard Beach - JFK Airport","QNS","A","EL490X","EL","STREET TO MEZZANINE","Y"
"Hunts Point Av","BX","6","EL196","EL","NORTHBOUND PLATFORM TO MEZZANINE","Y"
"Hunts Point Av","BX","6","EL197","EL","SOUTHBOUND PLATFORM TO MEZZANINE","Y"
"Hunts Point Av","BX","6","EL195","EL","STREET TO MEZZANINE","Y"
"Intervale Av","BX","2/5","ES108","ES","STREET TO MEZZANINE","N"
"Jackson Hts - Roosevelt Av","QNS","E/F/M/R/7","ES449","ES","LOWER MEZZANINE TO UPPER MEZZANINE","N"
"Jackson Hts - Roosevelt Av","QNS","E/F/M/R/7","ES453","ES","LOWER MEZZANINE TO UPPER MEZZANINE","N"
"Jackson Hts - Roosevelt Av","QNS","E/F/M/R/7","ES452","ES","LOWER MEZZANINE TO UPPER MEZZANINE","N"
"Jackson Hts - Roosevelt Av","QNS","E/F/M/R/7","ES451","ES","LOWER MEZZANINE TO UPPER MEZZANINE","N"
"Jackson Hts - Roosevelt Av","QNS","E/F/M/R/7","ES450","ES","LOWER MEZZANINE TO UPPER MEZZANINE","N"
"Jackson Hts - Roosevelt Av","QNS","E/F/M/R/7","EL422","EL","LOWER MEZZANINE TO UPTOWN E/F/M/R PLATFORM","Y"
"Jackson Hts - Roosevelt Av","QNS","E/F/M/R/7","EL423","EL","MEZZANINE TO DOWNTOWN 7","Y"
"Jackson Hts - Roosevelt Av","QNS","E/F/M/R/7","EL421","EL","MEZZANINE TO DOWNTOWN E/F/M/R","Y"
"Jackson Hts - Roosevelt Av","QNS","E/F/M/R/7","EL420","EL","MIDDLE MEZZANINE TO STREET TO IRT MEZZANINE TO NORTHBOUND IRT PLATFORM(7)","Y"
"Jamaica - Van Wyck","QNS","E","ES429","ES","CENTER ISLAND PLATFORM TO MEZZANINE","N"
"Jamaica - Van Wyck","QNS","E","ES428","ES","CENTER ISLAND PLATFORM TO MEZZANINE","N"
"Jamaica - Van Wyck","QNS","E","EL408","EL","MEZZANINE TO PLATFORM","Y"
"Jamaica - Van Wyck","QNS","E","ES430","ES","MEZZANINE TO STREET","N"
"Jamaica - Van Wyck","QNS","E","ES431","ES","MEZZANINE TO STREET","N"
"Jamaica - Van Wyck","QNS","E","ES427","ES","MEZZANINE TO STREET","N"
"Jamaica - Van Wyck","QNS","E","EL409","EL","STREET TO MEZZANINE","Y"
"Jamaica Center - Parsons/Archer","QNS","E/J","ES446","ES","CENTER ISLAND LOWER PLATFORM TO MEZZANINE","N"
"Jamaica Center - Parsons/Archer","QNS","E/J","ES445","ES","CENTER ISLAND LOWER PLATFORM TO MEZZANINE","N"
"Jamaica Center - Parsons/Archer","QNS","E/J","ES443","ES","CENTER ISLAND UPPER PLATFORM TO MEZZANINE","N"
"Jamaica Center - Parsons/Archer","QNS","E/J","ES444","ES","CENTER ISLAND UPPER PLATFORM TO MEZZANINE","N"
"Jamaica Center - Parsons/Archer","QNS","E/J","ES441","ES","MEZZANINE TO PLATFORM","N"
"Jamaica Center - Parsons/Archer","QNS","E/J","EL413","EL","MEZZANINE TO PLATFORMS","Y"
"Jamaica Center - Parsons/Archer","QNS","E/J","ES438","ES","MEZZANINE TO STREET","N"
"Jamaica Center - Parsons/Archer","QNS","E/J","ES439","ES","MEZZANINE TO STREET","N"
"Jamaica Center - Parsons/Archer","QNS","E/J","ES440","ES","MEZZANINE TO STREET","N"
"Jamaica Center - Parsons/Archer","QNS","E/J","ES447","ES","PLATFORM TO MEZZANINE","N"
"Jamaica Center - Parsons/Archer","QNS","E/J","ES442","ES","PLATFORM TO MEZZANINE","N"
"Jamaica Center - Parsons/Archer","QNS","E/J","EL412","EL","STREET TO MEZZANINE","Y"
"Jay St - MetroTech","BKN","A/C/F/R","ES356","ES","LOWER MEZZANINE TO PLATFORM","N"
"Jay St - MetroTech","BKN","A/C/F/R","EL708","EL","MEZZANINE AND DOWNTOWN","Y"
"Jay St - MetroTech","BKN","A/C/F/R","EL707","EL","MEZZANINE AND UPTOWN","Y"
"Jay St - MetroTech","BKN","A/C/F/R","ES357","ES","MEZZANINE TO PLATFORM","N"
"Jay St - MetroTech","BKN","A/C/F/R","EL709","EL","MEZZANINE TO PLATFORM","Y"
"Jay St - MetroTech","BKN","A/C/F/R","ES320","ES","MEZZANINE TO STREET (NORTH) MYRTLE AVE","N"
"Jay St - MetroTech","BKN","A/C/F/R","ES319","ES","MEZZANINE TO STREET (NORTH) MYRTLE AVE","N"
"Jay St - MetroTech","BKN","A/C/F/R","ES318","ES","MEZZANINE TO STREET (SOUTH) WILLOUGHBY ST","N"
"Jay St - MetroTech","BKN","A/C/F/R","ES317","ES","MEZZANINE TO STREET (SOUTH) WILLOUGHBY ST","N"
"Jay St - MetroTech","BKN","A/C/F/R","EL706","EL","STREET TO MEZZANINE","Y"
"Jay St - MetroTech","BKN","A/C/F/R","EL327X","EL","STREET TO MEZZANINE","N"
"Junction Blvd","QNS","7","EL426","EL","OVERPASS TO DOWNTOWN PLATFORM","Y"
"Junction Blvd","QNS","7","EL427","EL","OVERPASS TO UPTOWN PLATFORM","Y"
"Junction Blvd","QNS","7","EL425","EL","STREET TO MEZZANINE & OVERPASS","Y"
"Kew Gardens - Union Tpke","QNS","E/F","EL436","EL","MEZZANINE TO PLATFORM","Y"
"Kew Gardens - Union Tpke","QNS","E/F","EL435","EL","MEZZANINE TO UPTOWN","Y"
"Kew Gardens - Union Tpke","QNS","E/F","EL434","EL","STREET TO MEZZANINE","Y"
"Kings Hwy","BKN","B/Q","EL761","EL","STREET TO DOWNTOWN PLATFORM","Y"
"Kings Hwy","BKN","B/Q","EL760","EL","STREET TO UPTOWN PLATFORM","Y"
"Kingsbridge Rd","BX","D/B","EL191","EL","MEZZANINE TO SOUTHBOUND PLATFORM","Y"
"Kingsbridge Rd","BX","D/B","EL190","EL","NORTHBOUND PLATFORM TO MEZZANINE","Y"
"Kingsbridge Rd","BX","D/B","EL189","EL","STREET TO MEZZANINE","Y"
"Lexington Av/53 St","MN","E/M","ES243","ES","CENTER ISLAND PLATFORM TO MEZZANINE","N"
"Lexington Av/53 St","MN","E/M","ES244","ES","CENTER ISLAND PLATFORM TO MEZZANINE","N"
"Lexington Av/53 St","MN","E/M","ES269","ES","CENTER ISLAND PLATFORM TO MEZZANINE","N"
"Lexington Av/53 St","MN","E/M","ES246","ES","CENTER ISLAND PLATFORM TO MEZZANINE (3RD AVE)","N"
"Lexington Av/53 St","MN","E/M","ES245","ES","CENTER ISLAND PLATFORM TO MEZZANINE (3RD AVE)","N"
"Lexington Av/53 St","MN","E/M","EL245","EL","MEZZANINE TO PLATFORM","Y"
"Lexington Av/53 St","MN","E/M","ES254X","ES","PASSAGEWAY MEZZANINE TO PLATFORM E/M","N"
"Lexington Av/53 St","MN","E/M","EL203X","EL","STREET TO MEZZANINE TO 6/E/M TRAINS","Y"
"Lexington Av/53 St","MN","E/M","ES600X","ES","STREET TO MEZZANINE TO E/M TRAINS","N"
"Lexington Av/59 St","MN","N/R/W","ES215","ES","BMT CENTER ISLAND PLATFORM TO IRT SOUTHBOUND PLATFORM","N"
"Lexington Av/59 St","MN","N/R/W","ES249","ES","CENTER ISLAND PLATFORM TO MEZZANINE (60ST / 3RD AVE)","N"
"Lexington Av/59 St","MN","N/R/W","ES248","ES","CENTER ISLAND PLATFORM TO MEZZANINE (60ST / 3RD AVE)","N"
"Lexington Av/63 St","MN","F/Q","ES408","ES","LOWER MEZZANINE TO NORTHBOUND PLATFORM","N"
"Lexington Av/63 St","MN","F/Q","ES407","ES","LOWER MEZZANINE TO NORTHBOUND PLATFORM","N"
"Lexington Av/63 St","MN","F/Q","ES410","ES","LOWER MEZZANINE TO SOUTHBOUND PLATFORM","N"
"Lexington Av/63 St","MN","F/Q","ES409","ES","LOWER MEZZANINE TO SOUTHBOUND PLATFORM","N"
"Lexington Av/63 St","MN","F/Q","EL402","EL","MEZZANINE TO DOWNTOWN AND DOWNTOWN TO UPTOWN PLATFORM","Y"
"Lexington Av/63 St","MN","F/Q","EL441","EL","MEZZANINE TO PLATFORMS","Y"
"Lexington Av/63 St","MN","F/Q","EL443","EL","MEZZANINE TO PLATFORMS","Y"
"Lexington Av/63 St","MN","F/Q","EL442","EL","MEZZANINE TO PLATFORMS","Y"
"Lexington Av/63 St","MN","F/Q","ES458","ES","MEZZANINE TO STREET","N"
"Lexington Av/63 St","MN","F/Q","ES459","ES","MEZZANINE TO STREET","N"
"Lexington Av/63 St","MN","F/Q","EL444","EL","MEZZANINE TO STREET","Y"
"Lexington Av/63 St","MN","F/Q","EL440","EL","MEZZANINE TO UPPER SOUTHBOUND PLATFORM TO LOWER NORTHBOUND PLATFORM","Y"
"Lexington Av/63 St","MN","F/Q","ES406","ES","MIDDLE MEZZANINE TO LOWER MEZZANINE","N"
"Lexington Av/63 St","MN","F/Q","ES405","ES","MIDDLE MEZZANINE TO LOWER MEZZANINE","N"
"Lexington Av/63 St","MN","F/Q","EL401","EL","STREET TO MEZZANINE","Y"
"Lexington Av/63 St","MN","F/Q","ES402","ES","STREET TO UPPER MEZZANINE","N"
"Lexington Av/63 St","MN","F/Q","ES401","ES","STREET TO UPPER MEZZANINE","N"
"Lexington Av/63 St","MN","F/Q","ES404","ES","UPPER MEZZANINE TO MIDDLE MEZZANINE","N"
"Lexington Av/63 St","MN","F/Q","ES403","ES","UPPER MEZZANINE TO MIDDLE MEZZANINE","N"
"Marcy Av","BKN","J/M/Z","EL391","EL","STREET TO MEZZANINE & UPTOWN PLATFORM","Y"
"Marcy Av","BKN","J/M/Z","EL392","EL","STREET TO MEZZANINE AND DOWNTOWN PLATFORM","Y"
"Myrtle - Wyckoff Avs","BKN","L/M","ES332","ES","LOWER MEZZANINE TO UPPER MEZZANINE","N"
"Myrtle - Wyckoff Avs","BKN","L/M","ES333","ES","LOWER MEZZANINE TO UPPER MEZZANINE","N"
"Myrtle - Wyckoff Avs","BKN","L/M","EL397","EL","MEZZANINE TO PLATFORM","Y"
"Myrtle - Wyckoff Avs","BKN","L/M","EL396","EL","STREET TO MEZZANINE AND M TRANSFER PASSAGEWAY","Y"
"Myrtle - Wyckoff Avs","BKN","L/M","EL398","EL","TRANSFER PASSAGEWAY MEZZANINE TO PLATFORM","Y"
"Park Pl","MN","2/3","ES301","ES","CENTER ISLAND PLATFORM TO MEZZANINE","N"
"Park Pl","MN","2/3","ES302","ES","CENTER ISLAND PLATFORM TO MEZZANINE","N"
"Parkchester","BX","6","ES111","ES","STREET TO CENTER ISLAND PLATFORM","N"
"Pelham Bay Park","BX","6","ES121","ES","CENTER ISLAND PLATFORM TO STREET","N"
"Pelham Bay Park","BX","6","EL122","EL","CENTER ISLAND PLATFORM, INTERMEDIATE-EMPLOYEE ONLY, MEZZANINE","Y"
"Pelham Bay Park","BX","6","ES120","ES","MEZZANINE TO STREET","N"
"Pelham Bay Park","BX","6","EL121","EL","STREET TO MEZZANINE","Y"
"Pelham Pkwy","BX","2/5","EL138","EL","MEZZANINE TO DOWNTOWN","Y"
"Pelham Pkwy","BX","2/5","ES123","ES","MEZZANINE TO SOUTHBOUND PLATFORM","N"
"Pelham Pkwy","BX","2/5","EL137","EL","MEZZANINE TO UPTOWN","Y"
"Pelham Pkwy","BX","2/5","ES122","ES","STREET TO MEZZANINE","N"
"Pelham Pkwy","BX","2/5","EL136","EL","STREET TO MEZZANINE","Y"
"President St","BKN","2/5","ES304","ES","CENTER ISLAND PLATFORM TO MEZZANINE","N"
"Prospect Park","BKN","B/Q/S","EL383","EL","STREET TO DOWNTOWN PLATFORM","Y"
"Prospect Park","BKN","B/Q/S","EL382","EL","STREET TO UPTOWN PLATFORM","Y"
"Queens Plaza","QNS","E/R/M","EL429","EL","MEZZANINE TO DOWNTOWN","Y"
"Queens Plaza","QNS","E/R/M","EL430","EL","MEZZANINE TO UPTOWN","Y"
"Queens Plaza","QNS","E/R/M","EL428","EL","STREET TO MEZZANINE","Y"
"Rockaway Park - Beach 116 St","QNS","A/S","EL499","EL","UNASSIGNED","Y"
"Roosevelt Island","MN","F","ES413","ES","CENTER MEZZANINE TO STREET","N"
"Roosevelt Island","MN","F","ES411","ES","CENTER MEZZANINE TO STREET","N"
"Roosevelt Island","MN","F","ES412","ES","CENTER MEZZANINE TO STREET","N"
"Roosevelt Island","MN","F","ES415","ES","LOWER MEZZANINE TO CENTER MEZZANINE","N"
"Roosevelt Island","MN","F","ES414","ES","LOWER MEZZANINE TO CENTER MEZZANINE","N"
"Roosevelt Island","MN","F","ES416","ES","LOWER MEZZANINE TO CENTER MEZZANINE","N"
"Roosevelt Island","MN","F","ES417","ES","NORTHBOUND PLATFORM TO LOWER MEZZANINE","N"
"Roosevelt Island","MN","F","ES419","ES","NORTHBOUND PLATFORM TO LOWER MEZZANINE","N"
"Roosevelt Island","MN","F","ES420","ES","SOUTHBOUND PLATFORM TO LOWER MEZZANINE","N"
"Roosevelt Island","MN","F","ES418","ES","SOUTHBOUND PLATFORM TO LOWER MEZZANINE","N"
"Roosevelt Island","MN","F","EL403","EL","STREET TO DOWNTOWN PLATFORM","Y"
"Roosevelt Island","MN","F","EL404","EL","STREET TO UPTOWN PLATFORM","Y"
"Simpson St","BX","2/5","EL128","EL","STREET TO DOWNTOWN PLATFORM","Y"
"Simpson St","BX","2/5","EL127","EL","STREET TO UPTOWN PLATFORM","Y"
"Smith - 9 Sts","BKN","F/G","ES349","ES","LOWER MEZZANINE TO UPPER MEZZANINE","N"
"Smith - 9 Sts","BKN","F/G","ES315","ES","LOWER MEZZANINE TO UPPER MEZZANINE","N"
"Smith - 9 Sts","BKN","F/G","ES316","ES","LOWER MEZZANINE TO UPPER MEZZANINE","N"
"Smith - 9 Sts","BKN","F/G","ES348","ES","STREET TO LOWER MEZZANINE","N"
"Smith - 9 Sts","BKN","F/G","ES314","ES","STREET TO LOWER MEZZANINE","N"
"Smith - 9 Sts","BKN","F/G","ES313","ES","STREET TO LOWER MEZZANINE","N"
"South Ferry","MN","1","EL731","EL","MEZZANINE TO PLATFORM","Y"
"South Ferry","MN","1","ES373","ES","MEZZANINE TO STREET","N"
"South Ferry","MN","1","ES369","ES","MEZZANINE TO STREET","N"
"South Ferry","MN","1","ES370","ES","MEZZANINE TO STREET","N"
"South Ferry","MN","1","ES375","ES","MEZZANINE TO STREET","N"
"South Ferry","MN","1","ES371","ES","PLATFORM TO MEZZANINE","N"
"South Ferry","MN","1","ES372","ES","PLATFORM TO MEZZANINE","N"
"South Ferry","MN","1","ES374","ES","PLATFORM TO MEZZANINE","N"
"South Ferry","MN","1","EL730","EL","STREET TO MEZZANINE","Y"
"Sutphin Blvd - Archer Av - JFK Airport","QNS","E/J/Z/LIRR","EL410X","EL","3 LANDINGS","Y"
"Sutphin Blvd - Archer Av - JFK Airport","QNS","E/J/Z/LIRR","ES436","ES","Center Island Lower Platform to Center Island Upper Platform","N"
"Sutphin Blvd - Archer Av - JFK Airport","QNS","E/J/Z/LIRR","ES437","ES","Center Island Lower Platform to Center Island Upper Platform","N"
"Sutphin Blvd - Archer Av - JFK Airport","QNS","E/J/Z/LIRR","ES435","ES","CENTER ISLAND UPPER PLATFORM TO MEZZANINE","N"
"Sutphin Blvd - Archer Av - JFK Airport","QNS","E/J/Z/LIRR","ES434","ES","CENTER ISLAND UPPER PLATFORM TO MEZZANINE","N"
"Sutphin Blvd - Archer Av - JFK Airport","QNS","E/J/Z/LIRR","EL411","EL","MEZZANINE TO PLATFORM","Y"
"Sutphin Blvd - Archer Av - JFK Airport","QNS","E/J/Z/LIRR","EL452X","EL","STREET TO LIRR TO AIR TRAIN","Y"
"Sutphin Blvd - Archer Av - JFK Airport","QNS","E/J/Z/LIRR","ES432X","ES","STREET TO MEZZANINE TO E/J/Z TRAINS","N"
"Sutphin Blvd - Archer Av - JFK Airport","QNS","E/J/Z/LIRR","ES433X","ES","STREET TO MEZZANINE TO E/J/Z TRAINS","N"
"Sutphin Blvd - Archer Av - JFK Airport","QNS","E/J/Z/LIRR","EL450X","EL","STREET TO TA MEZZANINE AND LIRR OVERPASS","Y"
"Sutphin Blvd - Archer Av - JFK Airport","QNS","E/J/Z/LIRR","EL449X","EL","STREET TO TA MEZZANINE AND LIRR OVERPASS","Y"
"Sutphin Blvd - Archer Av - JFK Airport","QNS","E/J/Z/LIRR","EL448X","EL","STREET TO TA MEZZANINE AND LIRR OVERPASS","Y"
"Sutphin Blvd - Archer Av - JFK Airport","QNS","E/J/Z/LIRR","EL454","EL","YARD TO STORAGE ROOM","N"
"Times Sq - 42 St","MN","N/Q/R/S/W/1/2/3/7","ES217","ES","CENTER ISLAND PLATFORM TO MEZZANINE (41 ST / 7 AVE)","N"
"Times Sq - 42 St","MN","N/Q/R/S/W/1/2/3/7","ES216","ES","CENTER ISLAND PLATFORM TO MEZZANINE (41 ST / 7 AVE)","N"
"Times Sq - 42 St","MN","N/Q/R/S/W/1/2/3/7","ES218","ES","CENTER ISLAND PLATFORM TO MEZZANINE (41 ST / BWAY)","N"
"Times Sq - 42 St","MN","N/Q/R/S/W/1/2/3/7","EL233","EL","MEZZANINE AND UPTOWN 1,2,3 TRAINS PLATFORM","Y"
"Times Sq - 42 St","MN","N/Q/R/S/W/1/2/3/7","EL229","EL","MEZZANINE TO DOWNTOWN","Y"
"Times Sq - 42 St","MN","N/Q/R/S/W/1/2/3/7","EL232","EL","MEZZANINE TO DOWNTOWN PLATFORM & 7 PLATFORM","Y"
"Times Sq - 42 St","MN","N/Q/R/S/W/1/2/3/7","EL230","EL","MEZZANINE TO UPTOWN","Y"
"Times Sq - 42 St","MN","N/Q/R/S/W/1/2/3/7","ES267X","ES","STREET TO MEZZANINE ALL TRAINS","N"
"Times Sq - 42 St","MN","N/Q/R/S/W/1/2/3/7","ES261X","ES","STREET TO MEZZANINE ALL TRAINS","N"
"Times Sq - 42 St","MN","N/Q/R/S/W/1/2/3/7","ES262X","ES","STREET TO MEZZANINE ALL TRAINS","N"
"Times Sq - 42 St","MN","N/Q/R/S/W/1/2/3/7","EL231X","EL","STREET TO MEZZANINE ALL TRAINS","N"
"Times Sq - 42 St","MN","N/Q/R/S/W/1/2/3/7","ES268X","ES","STREET TO MEZZANINE ALL TRAINS","N"
"Utica Av","BKN","A/C","EL345","EL","NORTHBOUND PLATFORM TO MEZZANINE","Y"
"Utica Av","BKN","A/C","EL346","EL","SOUTHBOUND PLATFORM TO MEZZANINE","Y"
"Utica Av","BKN","A/C","EL344","EL","STREET TO MEZZANINE","Y"
"Wall St","MN","2/3","ES379X","ES","60 WALL STREET ATRIUM TO MEZZANINE 2/3 TRAIN PASSAGEWAY","N"
"Wall St","MN","2/3","ES378X","ES","60 WALL STREET ATRIUM TO MEZZANINE 2/3 TRAIN PASSAGEWAY","N"
"W 4 St","MN","A/B/C/D/E/F/M","EL334","EL","MIDDLE MEZZANINE TO DOWNTOWN PLATFORMS","Y"
"W 4 St","MN","A/B/C/D/E/F/M","EL335","EL","MIDDLE MEZZANINE TO UPTOWN PLATFORMS","Y"
"W 4 St","MN","A/B/C/D/E/F/M","ES325","ES","NORTHBOUND LL PLATFORM TO NORTHBOUND UL PLATFORM","N"
"W 4 St","MN","A/B/C/D/E/F/M","ES326","ES","SOUTHBOUND LL PLATFORM TO SOUTHBOUND UL PLATFORM","N"
"W 4 St","MN","A/B/C/D/E/F/M","EL333","EL","STREET TO MEZZANINE","Y"
"W 8 St - NY Aquarium","BKN","F/Q","ES335","ES","MEZZANINE TO NORTHBOUND UL PLATFORM","N"
"West Farms Sq - E Tremont Av","BX","2/5","ES106","ES","STREET TO MEZZANINE","N"
"Whitehall St - South Ferry","MN","R/W","ES351","ES","LOWER MEZZANINE TO UPPER MEZZANINE","N"
"Whitehall St - South Ferry","MN","R/W","ES312","ES","LOWER MEZZANINE TO UPPER MEZZANINE","N"
"Whitehall St - South Ferry","MN","R/W","ES311","ES","LOWER MEZZANINE TO UPPER MEZZANINE","N"
